-- phpMyAdmin SQL Dump
-- version 5.2.0
-- https://www.phpmyadmin.net/
--
-- Host: localhost
-- Generation Time: Jun 09, 2024 at 04:57 PM
-- Server version: 8.0.30
-- PHP Version: 8.1.10

SET SQL_MODE = "NO_AUTO_VALUE_ON_ZERO";
START TRANSACTION;
SET time_zone = "+00:00";


/*!40101 SET @OLD_CHARACTER_SET_CLIENT=@@CHARACTER_SET_CLIENT */;
/*!40101 SET @OLD_CHARACTER_SET_RESULTS=@@CHARACTER_SET_RESULTS */;
/*!40101 SET @OLD_COLLATION_CONNECTION=@@COLLATION_CONNECTION */;
/*!40101 SET NAMES utf8mb4 */;

--
-- Database: `pbl_bi`
--

-- --------------------------------------------------------

--
-- Table structure for table `dim_date`
--

CREATE TABLE `dim_date` (
  `id_dim_date` int NOT NULL,
  `date` date DEFAULT NULL,
  `year` int DEFAULT NULL,
  `month` int DEFAULT NULL,
  `day` int DEFAULT NULL,
  `updated` datetime DEFAULT CURRENT_TIMESTAMP
) ENGINE=InnoDB DEFAULT CHARSET=utf8mb4 COLLATE=utf8mb4_0900_ai_ci;

--
-- Dumping data for table `dim_date`
--

INSERT INTO `dim_date` (`id_dim_date`, `date`, `year`, `month`, `day`, `updated`) VALUES
(1, '2024-01-01', 2024, 1, 1, '2024-06-09 14:35:23'),
(2, '2024-01-02', 2024, 2, 2, '2024-06-09 14:35:23'),
(3, '2024-01-03', 2024, 3, 3, '2024-06-09 14:35:23'),
(4, '2024-01-04', 2024, 4, 4, '2024-06-09 14:35:23'),
(5, '2024-01-05', 2024, 5, 5, '2024-06-09 14:35:23'),
(6, '2024-01-06', 2024, 6, 6, '2024-06-09 14:35:23'),
(7, '2024-01-07', 2024, 7, 7, '2024-06-09 14:35:23'),
(8, '2024-01-08', 2024, 8, 8, '2024-06-09 14:35:23'),
(9, '2024-01-09', 2024, 9, 9, '2024-06-09 14:35:23'),
(10, '2024-01-10', 2024, 10, 10, '2024-06-09 14:35:23'),
(11, '2024-01-11', 2024, 11, 11, '2024-06-09 15:09:26'),
(12, '2024-01-12', 2024, 12, 12, '2024-06-09 15:09:26'),
(13, '2024-01-13', 2024, 13, 13, '2024-06-09 15:09:26'),
(14, '2024-01-14', 2024, 14, 14, '2024-06-09 15:09:26'),
(15, '2024-01-15', 2024, 15, 15, '2024-06-09 15:09:26'),
(16, '2024-01-16', 2024, 16, 16, '2024-06-09 15:09:26'),
(17, '2024-01-17', 2024, 17, 17, '2024-06-09 15:09:26'),
(18, '2024-01-18', 2024, 18, 18, '2024-06-09 15:09:26'),
(19, '2024-01-19', 2024, 19, 19, '2024-06-09 15:09:26'),
(20, '2024-01-20', 2024, 20, 20, '2024-06-09 15:09:26'),
(21, '2024-01-21', 2024, 21, 21, '2024-06-09 15:09:26'),
(22, '2024-01-22', 2024, 22, 22, '2024-06-09 15:09:26'),
(23, '2024-01-23', 2024, 23, 23, '2024-06-09 15:09:26'),
(24, '2024-01-24', 2024, 24, 24, '2024-06-09 15:09:26'),
(25, '2024-01-25', 2024, 25, 25, '2024-06-09 15:09:26'),
(26, '2024-01-26', 2024, 26, 26, '2024-06-09 15:09:26'),
(27, '2024-01-27', 2024, 27, 27, '2024-06-09 15:09:26'),
(28, '2024-01-28', 2024, 28, 28, '2024-06-09 15:09:26'),
(29, '2024-01-29', 2024, 29, 29, '2024-06-09 15:09:26'),
(30, '2024-01-30', 2024, 30, 30, '2024-06-09 15:09:26'),
(31, '2024-01-31', 2024, 31, 31, '2024-06-09 15:09:26'),
(32, '2024-02-01', 2024, 32, 1, '2024-06-09 15:09:26'),
(33, '2024-02-02', 2024, 33, 2, '2024-06-09 15:09:26'),
(34, '2024-02-03', 2024, 34, 3, '2024-06-09 15:09:26'),
(35, '2024-02-04', 2024, 35, 4, '2024-06-09 15:09:26'),
(36, '2024-02-05', 2024, 36, 5, '2024-06-09 15:09:26'),
(37, '2024-02-06', 2024, 37, 6, '2024-06-09 15:09:26'),
(38, '2024-02-07', 2024, 38, 7, '2024-06-09 15:09:26'),
(39, '2024-02-08', 2024, 39, 8, '2024-06-09 15:09:26'),
(40, '2024-02-09', 2024, 40, 9, '2024-06-09 15:09:26'),
(41, '2024-02-10', 2024, 41, 10, '2024-06-09 15:09:26'),
(42, '2024-02-11', 2024, 42, 11, '2024-06-09 15:09:26'),
(43, '2024-02-12', 2024, 43, 12, '2024-06-09 15:09:26'),
(44, '2024-02-13', 2024, 44, 13, '2024-06-09 15:09:26'),
(45, '2024-02-14', 2024, 45, 14, '2024-06-09 15:09:26'),
(46, '2024-02-15', 2024, 46, 15, '2024-06-09 15:09:26'),
(47, '2024-02-16', 2024, 47, 16, '2024-06-09 15:09:26'),
(48, '2024-02-17', 2024, 48, 17, '2024-06-09 15:09:26'),
(49, '2024-02-18', 2024, 49, 18, '2024-06-09 15:09:26'),
(50, '2024-02-19', 2024, 50, 19, '2024-06-09 15:09:26'),
(51, '2024-02-20', 2024, 51, 20, '2024-06-09 15:09:26'),
(52, '2024-02-21', 2024, 52, 21, '2024-06-09 15:09:26'),
(53, '2024-02-22', 2024, 53, 22, '2024-06-09 15:09:26'),
(54, '2024-02-23', 2024, 54, 23, '2024-06-09 15:09:26'),
(55, '2024-02-24', 2024, 55, 24, '2024-06-09 15:09:26'),
(56, '2024-02-25', 2024, 56, 25, '2024-06-09 15:09:26'),
(57, '2024-02-26', 2024, 57, 26, '2024-06-09 15:09:26'),
(58, '2024-02-27', 2024, 58, 27, '2024-06-09 15:09:26'),
(59, '2024-02-28', 2024, 59, 28, '2024-06-09 15:09:26'),
(60, '2024-02-29', 2024, 60, 29, '2024-06-09 15:09:26'),
(61, '2024-03-01', 2024, 61, 1, '2024-06-09 15:09:26'),
(62, '2024-03-02', 2024, 62, 2, '2024-06-09 15:09:26'),
(63, '2024-03-03', 2024, 63, 3, '2024-06-09 15:09:26'),
(64, '2024-03-04', 2024, 64, 4, '2024-06-09 15:09:26'),
(65, '2024-03-05', 2024, 65, 5, '2024-06-09 15:09:26'),
(66, '2024-03-06', 2024, 66, 6, '2024-06-09 15:09:26'),
(67, '2024-03-07', 2024, 67, 7, '2024-06-09 15:09:26'),
(68, '2024-03-08', 2024, 68, 8, '2024-06-09 15:09:26'),
(69, '2024-03-09', 2024, 69, 9, '2024-06-09 15:09:26'),
(70, '2024-03-10', 2024, 70, 10, '2024-06-09 15:09:26'),
(71, '2024-03-11', 2024, 71, 11, '2024-06-09 15:09:26'),
(72, '2024-03-12', 2024, 72, 12, '2024-06-09 15:09:26'),
(73, '2024-03-13', 2024, 73, 13, '2024-06-09 15:09:26'),
(74, '2024-03-14', 2024, 74, 14, '2024-06-09 15:09:26'),
(75, '2024-03-15', 2024, 75, 15, '2024-06-09 15:09:26'),
(76, '2024-03-16', 2024, 76, 16, '2024-06-09 15:09:26'),
(77, '2024-03-17', 2024, 77, 17, '2024-06-09 15:09:26'),
(78, '2024-03-18', 2024, 78, 18, '2024-06-09 15:09:26'),
(79, '2024-03-19', 2024, 79, 19, '2024-06-09 15:09:26'),
(80, '2024-03-20', 2024, 80, 20, '2024-06-09 15:09:26'),
(81, '2024-03-21', 2024, 81, 21, '2024-06-09 15:09:26'),
(82, '2024-03-22', 2024, 82, 22, '2024-06-09 15:09:26'),
(83, '2024-03-23', 2024, 83, 23, '2024-06-09 15:09:26'),
(84, '2024-03-24', 2024, 84, 24, '2024-06-09 15:09:26'),
(85, '2024-03-25', 2024, 85, 25, '2024-06-09 15:09:26'),
(86, '2024-03-26', 2024, 86, 26, '2024-06-09 15:09:26'),
(87, '2024-03-27', 2024, 87, 27, '2024-06-09 15:09:26'),
(88, '2024-03-28', 2024, 88, 28, '2024-06-09 15:09:26'),
(89, '2024-03-29', 2024, 89, 29, '2024-06-09 15:09:26'),
(90, '2024-03-30', 2024, 90, 30, '2024-06-09 15:09:26'),
(91, '2024-03-31', 2024, 91, 31, '2024-06-09 15:09:26'),
(92, '2024-04-01', 2024, 92, 1, '2024-06-09 15:09:26'),
(93, '2024-04-02', 2024, 93, 2, '2024-06-09 15:09:26'),
(94, '2024-04-03', 2024, 94, 3, '2024-06-09 15:09:26'),
(95, '2024-04-04', 2024, 95, 4, '2024-06-09 15:09:26'),
(96, '2024-04-05', 2024, 96, 5, '2024-06-09 15:09:26'),
(97, '2024-04-06', 2024, 97, 6, '2024-06-09 15:09:26'),
(98, '2024-04-07', 2024, 98, 7, '2024-06-09 15:09:26'),
(99, '2024-04-08', 2024, 99, 8, '2024-06-09 15:09:26'),
(100, '2024-04-09', 2024, 100, 9, '2024-06-09 15:09:26'),
(101, '2024-04-10', 2024, 101, 10, '2024-06-09 15:09:26'),
(102, '2024-04-11', 2024, 102, 11, '2024-06-09 15:09:26'),
(103, '2024-04-12', 2024, 103, 12, '2024-06-09 15:09:26'),
(104, '2024-04-13', 2024, 104, 13, '2024-06-09 15:09:26'),
(105, '2024-04-14', 2024, 105, 14, '2024-06-09 15:09:26'),
(106, '2024-04-15', 2024, 106, 15, '2024-06-09 15:09:26'),
(107, '2024-04-16', 2024, 107, 16, '2024-06-09 15:09:26'),
(108, '2024-04-17', 2024, 108, 17, '2024-06-09 15:09:26'),
(109, '2024-04-18', 2024, 109, 18, '2024-06-09 15:09:26'),
(110, '2024-04-19', 2024, 110, 19, '2024-06-09 15:09:26'),
(111, '2024-04-20', 2024, 111, 20, '2024-06-09 15:09:26'),
(112, '2024-04-21', 2024, 112, 21, '2024-06-09 15:09:26'),
(113, '2024-04-22', 2024, 113, 22, '2024-06-09 15:09:26'),
(114, '2024-04-23', 2024, 114, 23, '2024-06-09 15:09:26'),
(115, '2024-04-24', 2024, 115, 24, '2024-06-09 15:09:26'),
(116, '2024-04-25', 2024, 116, 25, '2024-06-09 15:09:26'),
(117, '2024-04-26', 2024, 117, 26, '2024-06-09 15:09:26'),
(118, '2024-04-27', 2024, 118, 27, '2024-06-09 15:09:26'),
(119, '2024-04-28', 2024, 119, 28, '2024-06-09 15:09:26'),
(120, '2024-04-29', 2024, 120, 29, '2024-06-09 15:09:26'),
(121, '2024-04-30', 2024, 121, 30, '2024-06-09 15:09:26'),
(122, '2024-05-01', 2024, 122, 1, '2024-06-09 15:09:26'),
(123, '2024-05-02', 2024, 123, 2, '2024-06-09 15:09:26'),
(124, '2024-05-03', 2024, 124, 3, '2024-06-09 15:09:26'),
(125, '2024-05-04', 2024, 125, 4, '2024-06-09 15:09:26'),
(126, '2024-05-05', 2024, 126, 5, '2024-06-09 15:09:26'),
(127, '2024-05-06', 2024, 127, 6, '2024-06-09 15:09:26'),
(128, '2024-05-07', 2024, 128, 7, '2024-06-09 15:09:26'),
(129, '2024-05-08', 2024, 129, 8, '2024-06-09 15:09:26'),
(130, '2024-05-09', 2024, 130, 9, '2024-06-09 15:09:26'),
(131, '2024-05-10', 2024, 131, 10, '2024-06-09 15:09:26'),
(132, '2024-05-11', 2024, 132, 11, '2024-06-09 15:09:26'),
(133, '2024-05-12', 2024, 133, 12, '2024-06-09 15:09:26'),
(134, '2024-05-13', 2024, 134, 13, '2024-06-09 15:09:26'),
(135, '2024-05-14', 2024, 135, 14, '2024-06-09 15:09:26'),
(136, '2024-05-15', 2024, 136, 15, '2024-06-09 15:09:26'),
(137, '2024-05-16', 2024, 137, 16, '2024-06-09 15:09:26'),
(138, '2024-05-17', 2024, 138, 17, '2024-06-09 15:09:26'),
(139, '2024-05-18', 2024, 139, 18, '2024-06-09 15:09:26'),
(140, '2024-05-19', 2024, 140, 19, '2024-06-09 15:09:26'),
(141, '2024-05-20', 2024, 141, 20, '2024-06-09 15:09:26'),
(142, '2024-05-21', 2024, 142, 21, '2024-06-09 15:09:26'),
(143, '2024-05-22', 2024, 143, 22, '2024-06-09 15:09:26'),
(144, '2024-05-23', 2024, 144, 23, '2024-06-09 15:09:26'),
(145, '2024-05-24', 2024, 145, 24, '2024-06-09 15:09:26'),
(146, '2024-05-25', 2024, 146, 25, '2024-06-09 15:09:26'),
(147, '2024-05-26', 2024, 147, 26, '2024-06-09 15:09:26'),
(148, '2024-05-27', 2024, 148, 27, '2024-06-09 15:09:26'),
(149, '2024-05-28', 2024, 149, 28, '2024-06-09 15:09:26'),
(150, '2024-05-29', 2024, 150, 29, '2024-06-09 15:09:26'),
(151, '2024-05-30', 2024, 151, 30, '2024-06-09 15:09:26'),
(152, '2024-05-31', 2024, 152, 31, '2024-06-09 15:09:26'),
(153, '2024-06-01', 2024, 153, 1, '2024-06-09 15:09:26'),
(154, '2024-06-02', 2024, 154, 2, '2024-06-09 15:09:26'),
(155, '2024-06-03', 2024, 155, 3, '2024-06-09 15:09:26'),
(156, '2024-06-04', 2024, 156, 4, '2024-06-09 15:09:26'),
(157, '2024-06-05', 2024, 157, 5, '2024-06-09 15:09:26'),
(158, '2024-06-06', 2024, 158, 6, '2024-06-09 15:09:26'),
(159, '2024-06-07', 2024, 159, 7, '2024-06-09 15:09:26'),
(160, '2024-06-08', 2024, 160, 8, '2024-06-09 15:09:26'),
(161, '2024-06-09', 2024, 161, 9, '2024-06-09 15:09:26'),
(162, '2024-06-10', 2024, 162, 10, '2024-06-09 15:09:26'),
(163, '2024-06-11', 2024, 163, 11, '2024-06-09 15:09:26'),
(164, '2024-06-12', 2024, 164, 12, '2024-06-09 15:09:26'),
(165, '2024-06-13', 2024, 165, 13, '2024-06-09 15:09:26'),
(166, '2024-06-14', 2024, 166, 14, '2024-06-09 15:09:26'),
(167, '2024-06-15', 2024, 167, 15, '2024-06-09 15:09:26'),
(168, '2024-06-16', 2024, 168, 16, '2024-06-09 15:09:26'),
(169, '2024-06-17', 2024, 169, 17, '2024-06-09 15:09:26'),
(170, '2024-06-18', 2024, 170, 18, '2024-06-09 15:09:26'),
(171, '2024-06-19', 2024, 171, 19, '2024-06-09 15:09:26'),
(172, '2024-06-20', 2024, 172, 20, '2024-06-09 15:09:26'),
(173, '2024-06-21', 2024, 173, 21, '2024-06-09 15:09:26'),
(174, '2024-06-22', 2024, 174, 22, '2024-06-09 15:09:26'),
(175, '2024-06-23', 2024, 175, 23, '2024-06-09 15:09:26'),
(176, '2024-06-24', 2024, 176, 24, '2024-06-09 15:09:26'),
(177, '2024-06-25', 2024, 177, 25, '2024-06-09 15:09:26'),
(178, '2024-06-26', 2024, 178, 26, '2024-06-09 15:09:26'),
(179, '2024-06-27', 2024, 179, 27, '2024-06-09 15:09:26'),
(180, '2024-06-28', 2024, 180, 28, '2024-06-09 15:09:26'),
(181, '2024-06-29', 2024, 181, 29, '2024-06-09 15:09:26'),
(182, '2024-06-30', 2024, 182, 30, '2024-06-09 15:09:26'),
(183, '2024-07-01', 2024, 183, 1, '2024-06-09 15:09:26'),
(184, '2024-07-02', 2024, 184, 2, '2024-06-09 15:09:26'),
(185, '2024-07-03', 2024, 185, 3, '2024-06-09 15:09:26'),
(186, '2024-07-04', 2024, 186, 4, '2024-06-09 15:09:26'),
(187, '2024-07-05', 2024, 187, 5, '2024-06-09 15:09:26'),
(188, '2024-07-06', 2024, 188, 6, '2024-06-09 15:09:26'),
(189, '2024-07-07', 2024, 189, 7, '2024-06-09 15:09:26'),
(190, '2024-07-08', 2024, 190, 8, '2024-06-09 15:09:26'),
(191, '2024-07-09', 2024, 191, 9, '2024-06-09 15:09:26'),
(192, '2024-07-10', 2024, 192, 10, '2024-06-09 15:09:26'),
(193, '2024-07-11', 2024, 193, 11, '2024-06-09 15:09:26'),
(194, '2024-07-12', 2024, 194, 12, '2024-06-09 15:09:26'),
(195, '2024-07-13', 2024, 195, 13, '2024-06-09 15:09:26'),
(196, '2024-07-14', 2024, 196, 14, '2024-06-09 15:09:26'),
(197, '2024-07-15', 2024, 197, 15, '2024-06-09 15:09:26'),
(198, '2024-07-16', 2024, 198, 16, '2024-06-09 15:09:26'),
(199, '2024-07-17', 2024, 199, 17, '2024-06-09 15:09:26'),
(200, '2024-07-18', 2024, 200, 18, '2024-06-09 15:09:26'),
(201, '2024-07-19', 2024, 201, 19, '2024-06-09 15:09:26'),
(202, '2024-07-20', 2024, 202, 20, '2024-06-09 15:09:26'),
(203, '2024-07-21', 2024, 203, 21, '2024-06-09 15:09:26'),
(204, '2024-07-22', 2024, 204, 22, '2024-06-09 15:09:26'),
(205, '2024-07-23', 2024, 205, 23, '2024-06-09 15:09:26'),
(206, '2024-07-24', 2024, 206, 24, '2024-06-09 15:09:26'),
(207, '2024-07-25', 2024, 207, 25, '2024-06-09 15:09:26'),
(208, '2024-07-26', 2024, 208, 26, '2024-06-09 15:09:26'),
(209, '2024-07-27', 2024, 209, 27, '2024-06-09 15:09:26'),
(210, '2024-07-28', 2024, 210, 28, '2024-06-09 15:09:26'),
(211, '2024-07-29', 2024, 211, 29, '2024-06-09 15:09:26'),
(212, '2024-07-30', 2024, 212, 30, '2024-06-09 15:09:26'),
(213, '2024-07-31', 2024, 213, 31, '2024-06-09 15:09:26'),
(214, '2024-08-01', 2024, 214, 1, '2024-06-09 15:09:26'),
(215, '2024-08-02', 2024, 215, 2, '2024-06-09 15:09:26'),
(216, '2024-08-03', 2024, 216, 3, '2024-06-09 15:09:26'),
(217, '2024-08-04', 2024, 217, 4, '2024-06-09 15:09:26'),
(218, '2024-08-05', 2024, 218, 5, '2024-06-09 15:09:26'),
(219, '2024-08-06', 2024, 219, 6, '2024-06-09 15:09:26'),
(220, '2024-08-07', 2024, 220, 7, '2024-06-09 15:09:26'),
(221, '2024-08-08', 2024, 221, 8, '2024-06-09 15:09:26'),
(222, '2024-08-09', 2024, 222, 9, '2024-06-09 15:09:26'),
(223, '2024-08-10', 2024, 223, 10, '2024-06-09 15:09:26'),
(224, '2024-08-11', 2024, 224, 11, '2024-06-09 15:09:26'),
(225, '2024-08-12', 2024, 225, 12, '2024-06-09 15:09:26'),
(226, '2024-08-13', 2024, 226, 13, '2024-06-09 15:09:26'),
(227, '2024-08-14', 2024, 227, 14, '2024-06-09 15:09:26'),
(228, '2024-08-15', 2024, 228, 15, '2024-06-09 15:09:26'),
(229, '2024-08-16', 2024, 229, 16, '2024-06-09 15:09:26'),
(230, '2024-08-17', 2024, 230, 17, '2024-06-09 15:09:26'),
(231, '2024-08-18', 2024, 231, 18, '2024-06-09 15:09:26'),
(232, '2024-08-19', 2024, 232, 19, '2024-06-09 15:09:26'),
(233, '2024-08-20', 2024, 233, 20, '2024-06-09 15:09:26'),
(234, '2024-08-21', 2024, 234, 21, '2024-06-09 15:09:26'),
(235, '2024-08-22', 2024, 235, 22, '2024-06-09 15:09:26'),
(236, '2024-08-23', 2024, 236, 23, '2024-06-09 15:09:26'),
(237, '2024-08-24', 2024, 237, 24, '2024-06-09 15:09:26'),
(238, '2024-08-25', 2024, 238, 25, '2024-06-09 15:09:26'),
(239, '2024-08-26', 2024, 239, 26, '2024-06-09 15:09:26'),
(240, '2024-08-27', 2024, 240, 27, '2024-06-09 15:09:26'),
(241, '2024-08-28', 2024, 241, 28, '2024-06-09 15:09:26'),
(242, '2024-08-29', 2024, 242, 29, '2024-06-09 15:09:26'),
(243, '2024-08-30', 2024, 243, 30, '2024-06-09 15:09:26'),
(244, '2024-08-31', 2024, 244, 31, '2024-06-09 15:09:26'),
(245, '2024-09-01', 2024, 245, 1, '2024-06-09 15:09:26'),
(246, '2024-09-02', 2024, 246, 2, '2024-06-09 15:09:26'),
(247, '2024-09-03', 2024, 247, 3, '2024-06-09 15:09:26'),
(248, '2024-09-04', 2024, 248, 4, '2024-06-09 15:09:26'),
(249, '2024-09-05', 2024, 249, 5, '2024-06-09 15:09:26'),
(250, '2024-09-06', 2024, 250, 6, '2024-06-09 15:09:26'),
(251, '2024-09-07', 2024, 251, 7, '2024-06-09 15:09:26'),
(252, '2024-09-08', 2024, 252, 8, '2024-06-09 15:09:26'),
(253, '2024-09-09', 2024, 253, 9, '2024-06-09 15:09:26'),
(254, '2024-09-10', 2024, 254, 10, '2024-06-09 15:09:26'),
(255, '2024-09-11', 2024, 255, 11, '2024-06-09 15:09:26'),
(256, '2024-09-12', 2024, 256, 12, '2024-06-09 15:09:26'),
(257, '2024-09-13', 2024, 257, 13, '2024-06-09 15:09:26'),
(258, '2024-09-14', 2024, 258, 14, '2024-06-09 15:09:26'),
(259, '2024-09-15', 2024, 259, 15, '2024-06-09 15:09:26'),
(260, '2024-09-16', 2024, 260, 16, '2024-06-09 15:09:26'),
(261, '2024-09-17', 2024, 261, 17, '2024-06-09 15:09:26'),
(262, '2024-09-18', 2024, 262, 18, '2024-06-09 15:09:26'),
(263, '2024-09-19', 2024, 263, 19, '2024-06-09 15:09:26'),
(264, '2024-09-20', 2024, 264, 20, '2024-06-09 15:09:26'),
(265, '2024-09-21', 2024, 265, 21, '2024-06-09 15:09:26'),
(266, '2024-09-22', 2024, 266, 22, '2024-06-09 15:09:26'),
(267, '2024-09-23', 2024, 267, 23, '2024-06-09 15:09:26'),
(268, '2024-09-24', 2024, 268, 24, '2024-06-09 15:09:26'),
(269, '2024-09-25', 2024, 269, 25, '2024-06-09 15:09:26'),
(270, '2024-09-26', 2024, 270, 26, '2024-06-09 15:09:26'),
(271, '2024-09-27', 2024, 271, 27, '2024-06-09 15:09:26'),
(272, '2024-09-28', 2024, 272, 28, '2024-06-09 15:09:26'),
(273, '2024-09-29', 2024, 273, 29, '2024-06-09 15:09:26'),
(274, '2024-09-30', 2024, 274, 30, '2024-06-09 15:09:26'),
(275, '2024-10-01', 2024, 275, 1, '2024-06-09 15:09:26'),
(276, '2024-10-02', 2024, 276, 2, '2024-06-09 15:09:26'),
(277, '2024-10-03', 2024, 277, 3, '2024-06-09 15:09:26'),
(278, '2024-10-04', 2024, 278, 4, '2024-06-09 15:09:26'),
(279, '2024-10-05', 2024, 279, 5, '2024-06-09 15:09:26'),
(280, '2024-10-06', 2024, 280, 6, '2024-06-09 15:09:26'),
(281, '2024-10-07', 2024, 281, 7, '2024-06-09 15:09:26'),
(282, '2024-10-08', 2024, 282, 8, '2024-06-09 15:09:26'),
(283, '2024-10-09', 2024, 283, 9, '2024-06-09 15:09:26'),
(284, '2024-10-10', 2024, 284, 10, '2024-06-09 15:09:26'),
(285, '2024-10-11', 2024, 285, 11, '2024-06-09 15:09:26'),
(286, '2024-10-12', 2024, 286, 12, '2024-06-09 15:09:26'),
(287, '2024-10-13', 2024, 287, 13, '2024-06-09 15:09:26'),
(288, '2024-10-14', 2024, 288, 14, '2024-06-09 15:09:26'),
(289, '2024-10-15', 2024, 289, 15, '2024-06-09 15:09:26'),
(290, '2024-10-16', 2024, 290, 16, '2024-06-09 15:09:26'),
(291, '2024-10-17', 2024, 291, 17, '2024-06-09 15:09:26'),
(292, '2024-10-18', 2024, 292, 18, '2024-06-09 15:09:26'),
(293, '2024-10-19', 2024, 293, 19, '2024-06-09 15:09:26'),
(294, '2024-10-20', 2024, 294, 20, '2024-06-09 15:09:26'),
(295, '2024-10-21', 2024, 295, 21, '2024-06-09 15:09:26'),
(296, '2024-10-22', 2024, 296, 22, '2024-06-09 15:09:26'),
(297, '2024-10-23', 2024, 297, 23, '2024-06-09 15:09:26'),
(298, '2024-10-24', 2024, 298, 24, '2024-06-09 15:09:26'),
(299, '2024-10-25', 2024, 299, 25, '2024-06-09 15:09:26'),
(300, '2024-10-26', 2024, 300, 26, '2024-06-09 15:09:26'),
(301, '2024-10-27', 2024, 301, 27, '2024-06-09 15:09:26'),
(302, '2024-10-28', 2024, 302, 28, '2024-06-09 15:09:26'),
(303, '2024-10-29', 2024, 303, 29, '2024-06-09 15:09:26'),
(304, '2024-10-30', 2024, 304, 30, '2024-06-09 15:09:26'),
(305, '2024-10-31', 2024, 305, 31, '2024-06-09 15:09:26'),
(306, '2024-11-01', 2024, 306, 1, '2024-06-09 15:09:26'),
(307, '2024-11-02', 2024, 307, 2, '2024-06-09 15:09:26'),
(308, '2024-11-03', 2024, 308, 3, '2024-06-09 15:09:26'),
(309, '2024-11-04', 2024, 309, 4, '2024-06-09 15:09:26'),
(310, '2024-11-05', 2024, 310, 5, '2024-06-09 15:09:26'),
(311, '2024-11-06', 2024, 311, 6, '2024-06-09 15:09:26'),
(312, '2024-11-07', 2024, 312, 7, '2024-06-09 15:09:26'),
(313, '2024-11-08', 2024, 313, 8, '2024-06-09 15:09:26'),
(314, '2024-11-09', 2024, 314, 9, '2024-06-09 15:09:26'),
(315, '2024-11-10', 2024, 315, 10, '2024-06-09 15:09:26'),
(316, '2024-11-11', 2024, 316, 11, '2024-06-09 15:09:26'),
(317, '2024-11-12', 2024, 317, 12, '2024-06-09 15:09:26'),
(318, '2024-11-13', 2024, 318, 13, '2024-06-09 15:09:26'),
(319, '2024-11-14', 2024, 319, 14, '2024-06-09 15:09:26'),
(320, '2024-11-15', 2024, 320, 15, '2024-06-09 15:09:26'),
(321, '2024-11-16', 2024, 321, 16, '2024-06-09 15:09:26'),
(322, '2024-11-17', 2024, 322, 17, '2024-06-09 15:09:26'),
(323, '2024-11-18', 2024, 323, 18, '2024-06-09 15:09:26'),
(324, '2024-11-19', 2024, 324, 19, '2024-06-09 15:09:26'),
(325, '2024-11-20', 2024, 325, 20, '2024-06-09 15:09:26'),
(326, '2024-11-21', 2024, 326, 21, '2024-06-09 15:09:26'),
(327, '2024-11-22', 2024, 327, 22, '2024-06-09 15:09:26'),
(328, '2024-11-23', 2024, 328, 23, '2024-06-09 15:09:26'),
(329, '2024-11-24', 2024, 329, 24, '2024-06-09 15:09:26'),
(330, '2024-11-25', 2024, 330, 25, '2024-06-09 15:09:26'),
(331, '2024-11-26', 2024, 331, 26, '2024-06-09 15:09:26'),
(332, '2024-11-27', 2024, 332, 27, '2024-06-09 15:09:26'),
(333, '2024-11-28', 2024, 333, 28, '2024-06-09 15:09:26'),
(334, '2024-11-29', 2024, 334, 29, '2024-06-09 15:09:26'),
(335, '2024-11-30', 2024, 335, 30, '2024-06-09 15:09:26'),
(336, '2024-12-01', 2024, 336, 1, '2024-06-09 15:09:26'),
(337, '2024-12-02', 2024, 337, 2, '2024-06-09 15:09:26'),
(338, '2024-12-03', 2024, 338, 3, '2024-06-09 15:09:26'),
(339, '2024-12-04', 2024, 339, 4, '2024-06-09 15:09:26'),
(340, '2024-12-05', 2024, 340, 5, '2024-06-09 15:09:26'),
(341, '2024-12-06', 2024, 341, 6, '2024-06-09 15:09:26'),
(342, '2024-12-07', 2024, 342, 7, '2024-06-09 15:09:26'),
(343, '2024-12-08', 2024, 343, 8, '2024-06-09 15:09:26'),
(344, '2024-12-09', 2024, 344, 9, '2024-06-09 15:09:26'),
(345, '2024-12-10', 2024, 345, 10, '2024-06-09 15:09:26'),
(346, '2024-12-11', 2024, 346, 11, '2024-06-09 15:09:26'),
(347, '2024-12-12', 2024, 347, 12, '2024-06-09 15:09:26'),
(348, '2024-12-13', 2024, 348, 13, '2024-06-09 15:09:26'),
(349, '2024-12-14', 2024, 349, 14, '2024-06-09 15:09:26'),
(350, '2024-12-15', 2024, 350, 15, '2024-06-09 15:09:26'),
(351, '2024-12-16', 2024, 351, 16, '2024-06-09 15:09:26'),
(352, '2024-12-17', 2024, 352, 17, '2024-06-09 15:09:26'),
(353, '2024-12-18', 2024, 353, 18, '2024-06-09 15:09:26'),
(354, '2024-12-19', 2024, 354, 19, '2024-06-09 15:09:26'),
(355, '2024-12-20', 2024, 355, 20, '2024-06-09 15:09:26'),
(356, '2024-12-21', 2024, 356, 21, '2024-06-09 15:09:26'),
(357, '2024-12-22', 2024, 357, 22, '2024-06-09 15:09:26'),
(358, '2024-12-23', 2024, 358, 23, '2024-06-09 15:09:26'),
(359, '2024-12-24', 2024, 359, 24, '2024-06-09 15:09:26'),
(360, '2024-12-25', 2024, 360, 25, '2024-06-09 15:09:26'),
(361, '2024-12-26', 2024, 361, 26, '2024-06-09 15:09:26'),
(362, '2024-12-27', 2024, 362, 27, '2024-06-09 15:09:26'),
(363, '2024-12-28', 2024, 363, 28, '2024-06-09 15:09:26'),
(364, '2024-12-29', 2024, 364, 29, '2024-06-09 15:09:26'),
(365, '2024-12-30', 2024, 365, 30, '2024-06-09 15:09:26'),
(366, '2023-01-01', 2023, 1, 1, '2024-06-09 16:13:32'),
(367, '2023-01-02', 2023, 2, 2, '2024-06-09 16:13:32'),
(368, '2023-01-03', 2023, 3, 3, '2024-06-09 16:13:32'),
(369, '2023-01-04', 2023, 4, 4, '2024-06-09 16:13:32'),
(370, '2023-01-05', 2023, 5, 5, '2024-06-09 16:13:32'),
(371, '2023-01-06', 2023, 6, 6, '2024-06-09 16:13:32'),
(372, '2023-01-07', 2023, 7, 7, '2024-06-09 16:13:32'),
(373, '2023-01-08', 2023, 8, 8, '2024-06-09 16:13:32'),
(374, '2023-01-09', 2023, 9, 9, '2024-06-09 16:13:32'),
(375, '2023-01-10', 2023, 10, 10, '2024-06-09 16:13:32'),
(376, '2023-01-11', 2023, 11, 11, '2024-06-09 16:13:32'),
(377, '2023-01-12', 2023, 12, 12, '2024-06-09 16:13:32'),
(378, '2023-01-13', 2023, 13, 13, '2024-06-09 16:13:32'),
(379, '2023-01-14', 2023, 14, 14, '2024-06-09 16:13:32'),
(380, '2023-01-15', 2023, 15, 15, '2024-06-09 16:13:32'),
(381, '2023-01-16', 2023, 16, 16, '2024-06-09 16:13:32'),
(382, '2023-01-17', 2023, 17, 17, '2024-06-09 16:13:32'),
(383, '2023-01-18', 2023, 18, 18, '2024-06-09 16:13:32'),
(384, '2023-01-19', 2023, 19, 19, '2024-06-09 16:13:32'),
(385, '2023-01-20', 2023, 20, 20, '2024-06-09 16:13:32'),
(386, '2023-01-21', 2023, 21, 21, '2024-06-09 16:13:32'),
(387, '2023-01-22', 2023, 22, 22, '2024-06-09 16:13:32'),
(388, '2023-01-23', 2023, 23, 23, '2024-06-09 16:13:32'),
(389, '2023-01-24', 2023, 24, 24, '2024-06-09 16:13:32'),
(390, '2023-01-25', 2023, 25, 25, '2024-06-09 16:13:32'),
(391, '2023-01-26', 2023, 26, 26, '2024-06-09 16:13:32'),
(392, '2023-01-27', 2023, 27, 27, '2024-06-09 16:13:32'),
(393, '2023-01-28', 2023, 28, 28, '2024-06-09 16:13:32'),
(394, '2023-01-29', 2023, 29, 29, '2024-06-09 16:13:32'),
(395, '2023-01-30', 2023, 30, 30, '2024-06-09 16:13:32'),
(396, '2023-01-31', 2023, 31, 31, '2024-06-09 16:13:32'),
(397, '2023-02-01', 2023, 32, 1, '2024-06-09 16:13:32'),
(398, '2023-02-02', 2023, 33, 2, '2024-06-09 16:13:32'),
(399, '2023-02-03', 2023, 34, 3, '2024-06-09 16:13:32'),
(400, '2023-02-04', 2023, 35, 4, '2024-06-09 16:13:32'),
(401, '2023-02-05', 2023, 36, 5, '2024-06-09 16:13:32'),
(402, '2023-02-06', 2023, 37, 6, '2024-06-09 16:13:32'),
(403, '2023-02-07', 2023, 38, 7, '2024-06-09 16:13:32'),
(404, '2023-02-08', 2023, 39, 8, '2024-06-09 16:13:32'),
(405, '2023-02-09', 2023, 40, 9, '2024-06-09 16:13:32'),
(406, '2023-02-10', 2023, 41, 10, '2024-06-09 16:13:32'),
(407, '2023-02-11', 2023, 42, 11, '2024-06-09 16:13:32'),
(408, '2023-02-12', 2023, 43, 12, '2024-06-09 16:13:32'),
(409, '2023-02-13', 2023, 44, 13, '2024-06-09 16:13:32'),
(410, '2023-02-14', 2023, 45, 14, '2024-06-09 16:13:32'),
(411, '2023-02-15', 2023, 46, 15, '2024-06-09 16:13:32'),
(412, '2023-02-16', 2023, 47, 16, '2024-06-09 16:13:32'),
(413, '2023-02-17', 2023, 48, 17, '2024-06-09 16:13:32'),
(414, '2023-02-18', 2023, 49, 18, '2024-06-09 16:13:32'),
(415, '2023-02-19', 2023, 50, 19, '2024-06-09 16:13:32'),
(416, '2023-02-20', 2023, 51, 20, '2024-06-09 16:13:32'),
(417, '2023-02-21', 2023, 52, 21, '2024-06-09 16:13:32'),
(418, '2023-02-22', 2023, 53, 22, '2024-06-09 16:13:32'),
(419, '2023-02-23', 2023, 54, 23, '2024-06-09 16:13:32'),
(420, '2023-02-24', 2023, 55, 24, '2024-06-09 16:13:32'),
(421, '2023-02-25', 2023, 56, 25, '2024-06-09 16:13:32'),
(422, '2023-02-26', 2023, 57, 26, '2024-06-09 16:13:32'),
(423, '2023-02-27', 2023, 58, 27, '2024-06-09 16:13:32'),
(424, '2023-02-28', 2023, 59, 28, '2024-06-09 16:13:32'),
(425, '2023-03-01', 2023, 60, 1, '2024-06-09 16:13:32'),
(426, '2023-03-02', 2023, 61, 2, '2024-06-09 16:13:32'),
(427, '2023-03-03', 2023, 62, 3, '2024-06-09 16:13:32'),
(428, '2023-03-04', 2023, 63, 4, '2024-06-09 16:13:32'),
(429, '2023-03-05', 2023, 64, 5, '2024-06-09 16:13:32'),
(430, '2023-03-06', 2023, 65, 6, '2024-06-09 16:13:32'),
(431, '2023-03-07', 2023, 66, 7, '2024-06-09 16:13:32'),
(432, '2023-03-08', 2023, 67, 8, '2024-06-09 16:13:32'),
(433, '2023-03-09', 2023, 68, 9, '2024-06-09 16:13:32'),
(434, '2023-03-10', 2023, 69, 10, '2024-06-09 16:13:32'),
(435, '2023-03-11', 2023, 70, 11, '2024-06-09 16:13:32'),
(436, '2023-03-12', 2023, 71, 12, '2024-06-09 16:13:32'),
(437, '2023-03-13', 2023, 72, 13, '2024-06-09 16:13:32'),
(438, '2023-03-14', 2023, 73, 14, '2024-06-09 16:13:32'),
(439, '2023-03-15', 2023, 74, 15, '2024-06-09 16:13:32'),
(440, '2023-03-16', 2023, 75, 16, '2024-06-09 16:13:32'),
(441, '2023-03-17', 2023, 76, 17, '2024-06-09 16:13:32'),
(442, '2023-03-18', 2023, 77, 18, '2024-06-09 16:13:32'),
(443, '2023-03-19', 2023, 78, 19, '2024-06-09 16:13:32'),
(444, '2023-03-20', 2023, 79, 20, '2024-06-09 16:13:32'),
(445, '2023-03-21', 2023, 80, 21, '2024-06-09 16:13:32'),
(446, '2023-03-22', 2023, 81, 22, '2024-06-09 16:13:32'),
(447, '2023-03-23', 2023, 82, 23, '2024-06-09 16:13:32'),
(448, '2023-03-24', 2023, 83, 24, '2024-06-09 16:13:32'),
(449, '2023-03-25', 2023, 84, 25, '2024-06-09 16:13:32'),
(450, '2023-03-26', 2023, 85, 26, '2024-06-09 16:13:32'),
(451, '2023-03-27', 2023, 86, 27, '2024-06-09 16:13:32'),
(452, '2023-03-28', 2023, 87, 28, '2024-06-09 16:13:32'),
(453, '2023-03-29', 2023, 88, 29, '2024-06-09 16:13:32'),
(454, '2023-03-30', 2023, 89, 30, '2024-06-09 16:13:32'),
(455, '2023-03-31', 2023, 90, 31, '2024-06-09 16:13:32'),
(456, '2023-04-01', 2023, 91, 1, '2024-06-09 16:13:32'),
(457, '2023-04-02', 2023, 92, 2, '2024-06-09 16:13:32'),
(458, '2023-04-03', 2023, 93, 3, '2024-06-09 16:13:32'),
(459, '2023-04-04', 2023, 94, 4, '2024-06-09 16:13:32'),
(460, '2023-04-05', 2023, 95, 5, '2024-06-09 16:13:32'),
(461, '2023-04-06', 2023, 96, 6, '2024-06-09 16:13:32'),
(462, '2023-04-07', 2023, 97, 7, '2024-06-09 16:13:32'),
(463, '2023-04-08', 2023, 98, 8, '2024-06-09 16:13:32'),
(464, '2023-04-09', 2023, 99, 9, '2024-06-09 16:13:32'),
(465, '2023-04-10', 2023, 100, 10, '2024-06-09 16:13:32'),
(466, '2023-04-11', 2023, 101, 11, '2024-06-09 16:13:32'),
(467, '2023-04-12', 2023, 102, 12, '2024-06-09 16:13:32'),
(468, '2023-04-13', 2023, 103, 13, '2024-06-09 16:13:32'),
(469, '2023-04-14', 2023, 104, 14, '2024-06-09 16:13:32'),
(470, '2023-04-15', 2023, 105, 15, '2024-06-09 16:13:32'),
(471, '2023-04-16', 2023, 106, 16, '2024-06-09 16:13:32'),
(472, '2023-04-17', 2023, 107, 17, '2024-06-09 16:13:32'),
(473, '2023-04-18', 2023, 108, 18, '2024-06-09 16:13:32'),
(474, '2023-04-19', 2023, 109, 19, '2024-06-09 16:13:32'),
(475, '2023-04-20', 2023, 110, 20, '2024-06-09 16:13:32'),
(476, '2023-04-21', 2023, 111, 21, '2024-06-09 16:13:32'),
(477, '2023-04-22', 2023, 112, 22, '2024-06-09 16:13:32'),
(478, '2023-04-23', 2023, 113, 23, '2024-06-09 16:13:32'),
(479, '2023-04-24', 2023, 114, 24, '2024-06-09 16:13:32'),
(480, '2023-04-25', 2023, 115, 25, '2024-06-09 16:13:32'),
(481, '2023-04-26', 2023, 116, 26, '2024-06-09 16:13:32'),
(482, '2023-04-27', 2023, 117, 27, '2024-06-09 16:13:32'),
(483, '2023-04-28', 2023, 118, 28, '2024-06-09 16:13:32'),
(484, '2023-04-29', 2023, 119, 29, '2024-06-09 16:13:32'),
(485, '2023-04-30', 2023, 120, 30, '2024-06-09 16:13:32'),
(486, '2023-05-01', 2023, 121, 1, '2024-06-09 16:13:32'),
(487, '2023-05-02', 2023, 122, 2, '2024-06-09 16:13:32'),
(488, '2023-05-03', 2023, 123, 3, '2024-06-09 16:13:32'),
(489, '2023-05-04', 2023, 124, 4, '2024-06-09 16:13:32'),
(490, '2023-05-05', 2023, 125, 5, '2024-06-09 16:13:32'),
(491, '2023-05-06', 2023, 126, 6, '2024-06-09 16:13:32'),
(492, '2023-05-07', 2023, 127, 7, '2024-06-09 16:13:32'),
(493, '2023-05-08', 2023, 128, 8, '2024-06-09 16:13:32'),
(494, '2023-05-09', 2023, 129, 9, '2024-06-09 16:13:32'),
(495, '2023-05-10', 2023, 130, 10, '2024-06-09 16:13:32'),
(496, '2023-05-11', 2023, 131, 11, '2024-06-09 16:13:32'),
(497, '2023-05-12', 2023, 132, 12, '2024-06-09 16:13:32'),
(498, '2023-05-13', 2023, 133, 13, '2024-06-09 16:13:32'),
(499, '2023-05-14', 2023, 134, 14, '2024-06-09 16:13:32'),
(500, '2023-05-15', 2023, 135, 15, '2024-06-09 16:13:32'),
(501, '2023-05-16', 2023, 136, 16, '2024-06-09 16:13:32'),
(502, '2023-05-17', 2023, 137, 17, '2024-06-09 16:13:32'),
(503, '2023-05-18', 2023, 138, 18, '2024-06-09 16:13:32'),
(504, '2023-05-19', 2023, 139, 19, '2024-06-09 16:13:32'),
(505, '2023-05-20', 2023, 140, 20, '2024-06-09 16:13:32'),
(506, '2023-05-21', 2023, 141, 21, '2024-06-09 16:13:32'),
(507, '2023-05-22', 2023, 142, 22, '2024-06-09 16:13:32'),
(508, '2023-05-23', 2023, 143, 23, '2024-06-09 16:13:32'),
(509, '2023-05-24', 2023, 144, 24, '2024-06-09 16:13:32'),
(510, '2023-05-25', 2023, 145, 25, '2024-06-09 16:13:32'),
(511, '2023-05-26', 2023, 146, 26, '2024-06-09 16:13:32'),
(512, '2023-05-27', 2023, 147, 27, '2024-06-09 16:13:32'),
(513, '2023-05-28', 2023, 148, 28, '2024-06-09 16:13:32'),
(514, '2023-05-29', 2023, 149, 29, '2024-06-09 16:13:32'),
(515, '2023-05-30', 2023, 150, 30, '2024-06-09 16:13:32'),
(516, '2023-05-31', 2023, 151, 31, '2024-06-09 16:13:32'),
(517, '2023-06-01', 2023, 152, 1, '2024-06-09 16:13:32'),
(518, '2023-06-02', 2023, 153, 2, '2024-06-09 16:13:32'),
(519, '2023-06-03', 2023, 154, 3, '2024-06-09 16:13:32'),
(520, '2023-06-04', 2023, 155, 4, '2024-06-09 16:13:32'),
(521, '2023-06-05', 2023, 156, 5, '2024-06-09 16:13:32'),
(522, '2023-06-06', 2023, 157, 6, '2024-06-09 16:13:32'),
(523, '2023-06-07', 2023, 158, 7, '2024-06-09 16:13:32'),
(524, '2023-06-08', 2023, 159, 8, '2024-06-09 16:13:32'),
(525, '2023-06-09', 2023, 160, 9, '2024-06-09 16:13:32'),
(526, '2023-06-10', 2023, 161, 10, '2024-06-09 16:13:32'),
(527, '2023-06-11', 2023, 162, 11, '2024-06-09 16:13:32'),
(528, '2023-06-12', 2023, 163, 12, '2024-06-09 16:13:32'),
(529, '2023-06-13', 2023, 164, 13, '2024-06-09 16:13:32'),
(530, '2023-06-14', 2023, 165, 14, '2024-06-09 16:13:32'),
(531, '2023-06-15', 2023, 166, 15, '2024-06-09 16:13:32'),
(532, '2023-06-16', 2023, 167, 16, '2024-06-09 16:13:32'),
(533, '2023-06-17', 2023, 168, 17, '2024-06-09 16:13:32'),
(534, '2023-06-18', 2023, 169, 18, '2024-06-09 16:13:32'),
(535, '2023-06-19', 2023, 170, 19, '2024-06-09 16:13:32'),
(536, '2023-06-20', 2023, 171, 20, '2024-06-09 16:13:32'),
(537, '2023-06-21', 2023, 172, 21, '2024-06-09 16:13:32'),
(538, '2023-06-22', 2023, 173, 22, '2024-06-09 16:13:32'),
(539, '2023-06-23', 2023, 174, 23, '2024-06-09 16:13:32'),
(540, '2023-06-24', 2023, 175, 24, '2024-06-09 16:13:32'),
(541, '2023-06-25', 2023, 176, 25, '2024-06-09 16:13:32'),
(542, '2023-06-26', 2023, 177, 26, '2024-06-09 16:13:32'),
(543, '2023-06-27', 2023, 178, 27, '2024-06-09 16:13:32'),
(544, '2023-06-28', 2023, 179, 28, '2024-06-09 16:13:32'),
(545, '2023-06-29', 2023, 180, 29, '2024-06-09 16:13:32'),
(546, '2023-06-30', 2023, 181, 30, '2024-06-09 16:13:32'),
(547, '2023-07-01', 2023, 182, 1, '2024-06-09 16:13:32'),
(548, '2023-07-02', 2023, 183, 2, '2024-06-09 16:13:32'),
(549, '2023-07-03', 2023, 184, 3, '2024-06-09 16:13:32'),
(550, '2023-07-04', 2023, 185, 4, '2024-06-09 16:13:32'),
(551, '2023-07-05', 2023, 186, 5, '2024-06-09 16:13:32'),
(552, '2023-07-06', 2023, 187, 6, '2024-06-09 16:13:32'),
(553, '2023-07-07', 2023, 188, 7, '2024-06-09 16:13:32'),
(554, '2023-07-08', 2023, 189, 8, '2024-06-09 16:13:32'),
(555, '2023-07-09', 2023, 190, 9, '2024-06-09 16:13:32'),
(556, '2023-07-10', 2023, 191, 10, '2024-06-09 16:13:32'),
(557, '2023-07-11', 2023, 192, 11, '2024-06-09 16:13:32'),
(558, '2023-07-12', 2023, 193, 12, '2024-06-09 16:13:32'),
(559, '2023-07-13', 2023, 194, 13, '2024-06-09 16:13:32'),
(560, '2023-07-14', 2023, 195, 14, '2024-06-09 16:13:32'),
(561, '2023-07-15', 2023, 196, 15, '2024-06-09 16:13:32'),
(562, '2023-07-16', 2023, 197, 16, '2024-06-09 16:13:32'),
(563, '2023-07-17', 2023, 198, 17, '2024-06-09 16:13:32'),
(564, '2023-07-18', 2023, 199, 18, '2024-06-09 16:13:32'),
(565, '2023-07-19', 2023, 200, 19, '2024-06-09 16:13:32'),
(566, '2023-07-20', 2023, 201, 20, '2024-06-09 16:13:32'),
(567, '2023-07-21', 2023, 202, 21, '2024-06-09 16:13:32'),
(568, '2023-07-22', 2023, 203, 22, '2024-06-09 16:13:32'),
(569, '2023-07-23', 2023, 204, 23, '2024-06-09 16:13:32'),
(570, '2023-07-24', 2023, 205, 24, '2024-06-09 16:13:32'),
(571, '2023-07-25', 2023, 206, 25, '2024-06-09 16:13:32'),
(572, '2023-07-26', 2023, 207, 26, '2024-06-09 16:13:32'),
(573, '2023-07-27', 2023, 208, 27, '2024-06-09 16:13:32'),
(574, '2023-07-28', 2023, 209, 28, '2024-06-09 16:13:32'),
(575, '2023-07-29', 2023, 210, 29, '2024-06-09 16:13:32'),
(576, '2023-07-30', 2023, 211, 30, '2024-06-09 16:13:32'),
(577, '2023-07-31', 2023, 212, 31, '2024-06-09 16:13:32'),
(578, '2023-08-01', 2023, 213, 1, '2024-06-09 16:13:32'),
(579, '2023-08-02', 2023, 214, 2, '2024-06-09 16:13:32'),
(580, '2023-08-03', 2023, 215, 3, '2024-06-09 16:13:32'),
(581, '2023-08-04', 2023, 216, 4, '2024-06-09 16:13:32'),
(582, '2023-08-05', 2023, 217, 5, '2024-06-09 16:13:32'),
(583, '2023-08-06', 2023, 218, 6, '2024-06-09 16:13:32'),
(584, '2023-08-07', 2023, 219, 7, '2024-06-09 16:13:32'),
(585, '2023-08-08', 2023, 220, 8, '2024-06-09 16:13:32'),
(586, '2023-08-09', 2023, 221, 9, '2024-06-09 16:13:32'),
(587, '2023-08-10', 2023, 222, 10, '2024-06-09 16:13:32'),
(588, '2023-08-11', 2023, 223, 11, '2024-06-09 16:13:32'),
(589, '2023-08-12', 2023, 224, 12, '2024-06-09 16:13:32'),
(590, '2023-08-13', 2023, 225, 13, '2024-06-09 16:13:32'),
(591, '2023-08-14', 2023, 226, 14, '2024-06-09 16:13:32'),
(592, '2023-08-15', 2023, 227, 15, '2024-06-09 16:13:32'),
(593, '2023-08-16', 2023, 228, 16, '2024-06-09 16:13:32'),
(594, '2023-08-17', 2023, 229, 17, '2024-06-09 16:13:32'),
(595, '2023-08-18', 2023, 230, 18, '2024-06-09 16:13:32'),
(596, '2023-08-19', 2023, 231, 19, '2024-06-09 16:13:32'),
(597, '2023-08-20', 2023, 232, 20, '2024-06-09 16:13:32'),
(598, '2023-08-21', 2023, 233, 21, '2024-06-09 16:13:32'),
(599, '2023-08-22', 2023, 234, 22, '2024-06-09 16:13:32'),
(600, '2023-08-23', 2023, 235, 23, '2024-06-09 16:13:32'),
(601, '2023-08-24', 2023, 236, 24, '2024-06-09 16:13:32'),
(602, '2023-08-25', 2023, 237, 25, '2024-06-09 16:13:32'),
(603, '2023-08-26', 2023, 238, 26, '2024-06-09 16:13:32'),
(604, '2023-08-27', 2023, 239, 27, '2024-06-09 16:13:32'),
(605, '2023-08-28', 2023, 240, 28, '2024-06-09 16:13:32'),
(606, '2023-08-29', 2023, 241, 29, '2024-06-09 16:13:32'),
(607, '2023-08-30', 2023, 242, 30, '2024-06-09 16:13:32'),
(608, '2023-08-31', 2023, 243, 31, '2024-06-09 16:13:32'),
(609, '2023-09-01', 2023, 244, 1, '2024-06-09 16:13:32'),
(610, '2023-09-02', 2023, 245, 2, '2024-06-09 16:13:32'),
(611, '2023-09-03', 2023, 246, 3, '2024-06-09 16:13:32'),
(612, '2023-09-04', 2023, 247, 4, '2024-06-09 16:13:32'),
(613, '2023-09-05', 2023, 248, 5, '2024-06-09 16:13:32'),
(614, '2023-09-06', 2023, 249, 6, '2024-06-09 16:13:32'),
(615, '2023-09-07', 2023, 250, 7, '2024-06-09 16:13:32'),
(616, '2023-09-08', 2023, 251, 8, '2024-06-09 16:13:32'),
(617, '2023-09-09', 2023, 252, 9, '2024-06-09 16:13:32'),
(618, '2023-09-10', 2023, 253, 10, '2024-06-09 16:13:32'),
(619, '2023-09-11', 2023, 254, 11, '2024-06-09 16:13:32'),
(620, '2023-09-12', 2023, 255, 12, '2024-06-09 16:13:32'),
(621, '2023-09-13', 2023, 256, 13, '2024-06-09 16:13:32'),
(622, '2023-09-14', 2023, 257, 14, '2024-06-09 16:13:32'),
(623, '2023-09-15', 2023, 258, 15, '2024-06-09 16:13:32'),
(624, '2023-09-16', 2023, 259, 16, '2024-06-09 16:13:32'),
(625, '2023-09-17', 2023, 260, 17, '2024-06-09 16:13:32'),
(626, '2023-09-18', 2023, 261, 18, '2024-06-09 16:13:32'),
(627, '2023-09-19', 2023, 262, 19, '2024-06-09 16:13:32'),
(628, '2023-09-20', 2023, 263, 20, '2024-06-09 16:13:32'),
(629, '2023-09-21', 2023, 264, 21, '2024-06-09 16:13:32'),
(630, '2023-09-22', 2023, 265, 22, '2024-06-09 16:13:32'),
(631, '2023-09-23', 2023, 266, 23, '2024-06-09 16:13:32'),
(632, '2023-09-24', 2023, 267, 24, '2024-06-09 16:13:32'),
(633, '2023-09-25', 2023, 268, 25, '2024-06-09 16:13:32'),
(634, '2023-09-26', 2023, 269, 26, '2024-06-09 16:13:32'),
(635, '2023-09-27', 2023, 270, 27, '2024-06-09 16:13:32'),
(636, '2023-09-28', 2023, 271, 28, '2024-06-09 16:13:32'),
(637, '2023-09-29', 2023, 272, 29, '2024-06-09 16:13:32'),
(638, '2023-09-30', 2023, 273, 30, '2024-06-09 16:13:32'),
(639, '2023-10-01', 2023, 274, 1, '2024-06-09 16:13:32'),
(640, '2023-10-02', 2023, 275, 2, '2024-06-09 16:13:32'),
(641, '2023-10-03', 2023, 276, 3, '2024-06-09 16:13:32'),
(642, '2023-10-04', 2023, 277, 4, '2024-06-09 16:13:32'),
(643, '2023-10-05', 2023, 278, 5, '2024-06-09 16:13:32'),
(644, '2023-10-06', 2023, 279, 6, '2024-06-09 16:13:32'),
(645, '2023-10-07', 2023, 280, 7, '2024-06-09 16:13:32'),
(646, '2023-10-08', 2023, 281, 8, '2024-06-09 16:13:32'),
(647, '2023-10-09', 2023, 282, 9, '2024-06-09 16:13:32'),
(648, '2023-10-10', 2023, 283, 10, '2024-06-09 16:13:32'),
(649, '2023-10-11', 2023, 284, 11, '2024-06-09 16:13:32'),
(650, '2023-10-12', 2023, 285, 12, '2024-06-09 16:13:32'),
(651, '2023-10-13', 2023, 286, 13, '2024-06-09 16:13:32'),
(652, '2023-10-14', 2023, 287, 14, '2024-06-09 16:13:32'),
(653, '2023-10-15', 2023, 288, 15, '2024-06-09 16:13:32'),
(654, '2023-10-16', 2023, 289, 16, '2024-06-09 16:13:32'),
(655, '2023-10-17', 2023, 290, 17, '2024-06-09 16:13:32'),
(656, '2023-10-18', 2023, 291, 18, '2024-06-09 16:13:32'),
(657, '2023-10-19', 2023, 292, 19, '2024-06-09 16:13:32'),
(658, '2023-10-20', 2023, 293, 20, '2024-06-09 16:13:32'),
(659, '2023-10-21', 2023, 294, 21, '2024-06-09 16:13:32'),
(660, '2023-10-22', 2023, 295, 22, '2024-06-09 16:13:32'),
(661, '2023-10-23', 2023, 296, 23, '2024-06-09 16:13:32'),
(662, '2023-10-24', 2023, 297, 24, '2024-06-09 16:13:32'),
(663, '2023-10-25', 2023, 298, 25, '2024-06-09 16:13:32'),
(664, '2023-10-26', 2023, 299, 26, '2024-06-09 16:13:32'),
(665, '2023-10-27', 2023, 300, 27, '2024-06-09 16:13:32'),
(666, '2023-10-28', 2023, 301, 28, '2024-06-09 16:13:32'),
(667, '2023-10-29', 2023, 302, 29, '2024-06-09 16:13:32'),
(668, '2023-10-30', 2023, 303, 30, '2024-06-09 16:13:32'),
(669, '2023-10-31', 2023, 304, 31, '2024-06-09 16:13:32'),
(670, '2023-11-01', 2023, 305, 1, '2024-06-09 16:13:32'),
(671, '2023-11-02', 2023, 306, 2, '2024-06-09 16:13:32'),
(672, '2023-11-03', 2023, 307, 3, '2024-06-09 16:13:32'),
(673, '2023-11-04', 2023, 308, 4, '2024-06-09 16:13:32'),
(674, '2023-11-05', 2023, 309, 5, '2024-06-09 16:13:32'),
(675, '2023-11-06', 2023, 310, 6, '2024-06-09 16:13:32'),
(676, '2023-11-07', 2023, 311, 7, '2024-06-09 16:13:32'),
(677, '2023-11-08', 2023, 312, 8, '2024-06-09 16:13:32'),
(678, '2023-11-09', 2023, 313, 9, '2024-06-09 16:13:32'),
(679, '2023-11-10', 2023, 314, 10, '2024-06-09 16:13:32'),
(680, '2023-11-11', 2023, 315, 11, '2024-06-09 16:13:32'),
(681, '2023-11-12', 2023, 316, 12, '2024-06-09 16:13:32'),
(682, '2023-11-13', 2023, 317, 13, '2024-06-09 16:13:32'),
(683, '2023-11-14', 2023, 318, 14, '2024-06-09 16:13:32'),
(684, '2023-11-15', 2023, 319, 15, '2024-06-09 16:13:32'),
(685, '2023-11-16', 2023, 320, 16, '2024-06-09 16:13:32'),
(686, '2023-11-17', 2023, 321, 17, '2024-06-09 16:13:32'),
(687, '2023-11-18', 2023, 322, 18, '2024-06-09 16:13:32'),
(688, '2023-11-19', 2023, 323, 19, '2024-06-09 16:13:32'),
(689, '2023-11-20', 2023, 324, 20, '2024-06-09 16:13:32'),
(690, '2023-11-21', 2023, 325, 21, '2024-06-09 16:13:32'),
(691, '2023-11-22', 2023, 326, 22, '2024-06-09 16:13:32'),
(692, '2023-11-23', 2023, 327, 23, '2024-06-09 16:13:32'),
(693, '2023-11-24', 2023, 328, 24, '2024-06-09 16:13:32'),
(694, '2023-11-25', 2023, 329, 25, '2024-06-09 16:13:32'),
(695, '2023-11-26', 2023, 330, 26, '2024-06-09 16:13:32'),
(696, '2023-11-27', 2023, 331, 27, '2024-06-09 16:13:32'),
(697, '2023-11-28', 2023, 332, 28, '2024-06-09 16:13:32'),
(698, '2023-11-29', 2023, 333, 29, '2024-06-09 16:13:32'),
(699, '2023-11-30', 2023, 334, 30, '2024-06-09 16:13:32'),
(700, '2023-12-01', 2023, 335, 1, '2024-06-09 16:13:32'),
(701, '2023-12-02', 2023, 336, 2, '2024-06-09 16:13:32'),
(702, '2023-12-03', 2023, 337, 3, '2024-06-09 16:13:32'),
(703, '2023-12-04', 2023, 338, 4, '2024-06-09 16:13:32'),
(704, '2023-12-05', 2023, 339, 5, '2024-06-09 16:13:32'),
(705, '2023-12-06', 2023, 340, 6, '2024-06-09 16:13:32'),
(706, '2023-12-07', 2023, 341, 7, '2024-06-09 16:13:32'),
(707, '2023-12-08', 2023, 342, 8, '2024-06-09 16:13:32'),
(708, '2023-12-09', 2023, 343, 9, '2024-06-09 16:13:32'),
(709, '2023-12-10', 2023, 344, 10, '2024-06-09 16:13:32'),
(710, '2023-12-11', 2023, 345, 11, '2024-06-09 16:13:32'),
(711, '2023-12-12', 2023, 346, 12, '2024-06-09 16:13:32'),
(712, '2023-12-13', 2023, 347, 13, '2024-06-09 16:13:32'),
(713, '2023-12-14', 2023, 348, 14, '2024-06-09 16:13:32'),
(714, '2023-12-15', 2023, 349, 15, '2024-06-09 16:13:32'),
(715, '2023-12-16', 2023, 350, 16, '2024-06-09 16:13:32'),
(716, '2023-12-17', 2023, 351, 17, '2024-06-09 16:13:32'),
(717, '2023-12-18', 2023, 352, 18, '2024-06-09 16:13:32'),
(718, '2023-12-19', 2023, 353, 19, '2024-06-09 16:13:32'),
(719, '2023-12-20', 2023, 354, 20, '2024-06-09 16:13:32'),
(720, '2023-12-21', 2023, 355, 21, '2024-06-09 16:13:32'),
(721, '2023-12-22', 2023, 356, 22, '2024-06-09 16:13:32'),
(722, '2023-12-23', 2023, 357, 23, '2024-06-09 16:13:32'),
(723, '2023-12-24', 2023, 358, 24, '2024-06-09 16:13:32'),
(724, '2023-12-25', 2023, 359, 25, '2024-06-09 16:13:32'),
(725, '2023-12-26', 2023, 360, 26, '2024-06-09 16:13:32'),
(726, '2023-12-27', 2023, 361, 27, '2024-06-09 16:13:32'),
(727, '2023-12-28', 2023, 362, 28, '2024-06-09 16:13:32'),
(728, '2023-12-29', 2023, 363, 29, '2024-06-09 16:13:32'),
(729, '2023-12-30', 2023, 364, 30, '2024-06-09 16:13:32'),
(730, '2023-12-31', 2023, 365, 31, '2024-06-09 16:13:32');

-- --------------------------------------------------------

--
-- Table structure for table `dim_report`
--

CREATE TABLE `dim_report` (
  `id_dim_report` int NOT NULL,
  `nomor_laporan` varchar(10) DEFAULT NULL,
  `nik` bigint DEFAULT NULL,
  `nama_pelapor` varchar(50) DEFAULT NULL,
  `judul_laporan` varchar(100) DEFAULT NULL,
  `jenis_laporan` varchar(50) DEFAULT NULL,
  `tanggal_laporan` date DEFAULT NULL,
  `status` varchar(20) DEFAULT NULL,
  `updated` datetime DEFAULT CURRENT_TIMESTAMP
) ENGINE=InnoDB DEFAULT CHARSET=utf8mb4 COLLATE=utf8mb4_0900_ai_ci;

--
-- Dumping data for table `dim_report`
--

INSERT INTO `dim_report` (`id_dim_report`, `nomor_laporan`, `nik`, `nama_pelapor`, `judul_laporan`, `jenis_laporan`, `tanggal_laporan`, `status`, `updated`) VALUES
(51, 'LAP001', 357305863386802429, 'Gita Sari', 'Laporan Pencurian', 'Kejahatan', '2023-10-01', 'Selesai', '2024-06-09 14:26:40'),
(52, 'LAP002', 357305423975581147, 'Putri Setiawan', 'Lampu Jalan Mati', 'Fasilitas', '2023-09-05', 'Menunggu', '2024-06-09 14:26:40'),
(53, 'LAP003', 357305191193607721, 'Dewi Mahardika', 'Sampah Berserakan', 'Fasilitas', '2023-03-02', 'Diarsipkan', '2024-06-09 14:26:40'),
(54, 'LAP004', 357305237363538569, 'Ahmad Pratama', 'Laporan Pencurian', 'Kejahatan', '2023-06-06', 'Selesai', '2024-06-09 14:26:40'),
(55, 'LAP005', 357305788460459963, 'Yuli Sari', 'Sampah Berserakan', 'Fasilitas', '2023-04-03', 'Menunggu', '2024-06-09 14:26:40'),
(56, 'LAP006', 357305280565109879, 'Putri Wijaya', 'Lampu Jalan Mati', 'Fasilitas', '2023-06-03', 'Diarsipkan', '2024-06-09 14:26:40'),
(57, 'LAP007', 357305647941571370, 'Joko Mahardika', 'Sampah Berserakan', 'Fasilitas', '2023-06-04', 'Selesai', '2024-06-09 14:26:40'),
(58, 'LAP008', 357305762215925657, 'Ahmad Wijaya', 'Lampu Jalan Mati', 'Fasilitas', '2023-02-04', 'Menunggu', '2024-06-09 14:26:40'),
(59, 'LAP009', 357305208365190936, 'Kurnia Santoso', 'Lampu Jalan Mati', 'Fasilitas', '2023-12-05', 'Diarsipkan', '2024-06-09 14:26:40'),
(60, 'LAP010', 357305418440274056, 'Fajar Sari', 'Lampu Jalan Mati', 'Fasilitas', '2023-06-05', 'Selesai', '2024-06-09 14:26:40');

-- --------------------------------------------------------

--
-- Table structure for table `dim_status`
--

CREATE TABLE `dim_status` (
  `id_dim_status` int NOT NULL,
  `status` varchar(20) DEFAULT NULL,
  `updated` datetime DEFAULT CURRENT_TIMESTAMP
) ENGINE=InnoDB DEFAULT CHARSET=utf8mb4 COLLATE=utf8mb4_0900_ai_ci;

--
-- Dumping data for table `dim_status`
--

INSERT INTO `dim_status` (`id_dim_status`, `status`, `updated`) VALUES
(1, 'Selesai', '2024-06-09 16:34:57'),
(2, 'Menunggu', '2024-06-09 16:34:57'),
(3, 'Diarsipkan', '2024-06-09 16:34:57'),
(4, 'Selesai', '2024-06-09 16:34:57'),
(5, 'Menunggu', '2024-06-09 16:34:57'),
(6, 'Diarsipkan', '2024-06-09 16:34:57'),
(7, 'Selesai', '2024-06-09 16:34:57'),
(8, 'Menunggu', '2024-06-09 16:34:57'),
(9, 'Diarsipkan', '2024-06-09 16:34:57'),
(10, 'Selesai', '2024-06-09 16:34:57');

-- --------------------------------------------------------

--
-- Table structure for table `dim_warga`
--

CREATE TABLE `dim_warga` (
  `id_dim_warga` int NOT NULL,
  `no_rt` int DEFAULT NULL,
  `no_kk` bigint DEFAULT NULL,
  `nik` bigint DEFAULT NULL,
  `nama_lengkap` varchar(50) DEFAULT NULL,
  `jenis_kelamin` varchar(20) DEFAULT NULL,
  `tempat_lahir` varchar(50) DEFAULT NULL,
  `tanggal_lahir` date DEFAULT NULL,
  `alamat_domisili` varchar(100) DEFAULT NULL,
  `alamat_ktp` varchar(100) DEFAULT NULL,
  `no_telepon` varchar(15) DEFAULT NULL,
  `agama` varchar(20) DEFAULT NULL,
  `pekerjaan` varchar(50) DEFAULT NULL,
  `updated` datetime DEFAULT CURRENT_TIMESTAMP
) ENGINE=InnoDB DEFAULT CHARSET=utf8mb4 COLLATE=utf8mb4_0900_ai_ci;

--
-- Dumping data for table `dim_warga`
--

INSERT INTO `dim_warga` (`id_dim_warga`, `no_rt`, `no_kk`, `nik`, `nama_lengkap`, `jenis_kelamin`, `tempat_lahir`, `tanggal_lahir`, `alamat_domisili`, `alamat_ktp`, `no_telepon`, `agama`, `pekerjaan`, `updated`) VALUES
(1, 2, 357305725776420646, 357305163689761019, 'Budi Suharto', 'Laki-laki', 'Malang', '1997-01-28', 'Jl. Pisang Kipas No 5, Malang', 'Jl. Pisang Kipas No 25, Jakarta', '087028050814', 'Islam', 'Nelayan', '2024-06-09 14:26:36'),
(2, 3, 357305520048155215, 357305191193607721, 'Dewi Mahardika', 'Perempuan', 'Malang', '1956-02-29', 'Jl. Pisang Kipas No 15, Malang', 'Jl. Pisang Kipas No 44, Malang', '081285439735', 'Katolik', 'Petani', '2024-06-09 14:26:36'),
(3, 5, 357305670582628413, 357305197949218197, 'Sari Mahardika', 'Laki-laki', 'Malang', '1987-06-13', 'Jl. Pisang Kipas No 13, Malang', 'Jl. Pisang Kipas No 13, Malang', '083400829806', 'Konghucu', 'PNS', '2024-06-09 14:26:36'),
(4, 5, 357305385544792300, 357305201976288121, 'Oki Pratama', 'Perempuan', 'Malang', '1980-07-10', 'Jl. Pisang Kipas No 6, Malang', 'Jl. Pisang Kipas No 3, Surabaya', '086141154220', 'Hindu', 'Mahasiswa', '2024-06-09 14:26:36'),
(5, 1, 357305432530966548, 357305206117200111, 'Mira Saputra', 'Laki-laki', 'Malang', '1992-04-27', 'Jl. Pisang Kipas No 37, Malang', 'Jl. Pisang Kipas No 22, Jakarta', '082228557079', 'Buddha', 'Pengusaha', '2024-06-09 14:26:36'),
(6, 1, 357305802700504365, 357305208365190936, 'Kurnia Santoso', 'Laki-laki', 'Jakarta', '1997-09-25', 'Jl. Pisang Kipas No 21, Malang', 'Jl. Pisang Kipas No 25, Malang', '085498740825', 'Buddha', 'Petani', '2024-06-09 14:26:36'),
(7, 1, 357305280961592138, 357305237363538569, 'Ahmad Pratama', 'Perempuan', 'Malang', '1974-05-08', 'Jl. Pisang Kipas No 45, Malang', 'Jl. Pisang Kipas No 30, Jakarta', '081307939121', 'Buddha', 'Mahasiswa', '2024-06-09 14:26:36'),
(8, 1, 357305656565049710, 357305242401639383, 'Kurnia Saputra', 'Laki-laki', 'Malang', '1953-12-30', 'Jl. Pisang Kipas No 43, Malang', 'Jl. Pisang Kipas No 19, Malang', '084163756821', 'Buddha', 'Petani', '2024-06-09 14:26:36'),
(9, 5, 357305146463948241, 357305250502656031, 'Fajar Wijaya', 'Laki-laki', 'Malang', '1973-09-26', 'Jl. Pisang Kipas No 43, Malang', 'Jl. Pisang Kipas No 5, Surabaya', '084555560792', 'Buddha', 'Swasta', '2024-06-09 14:26:36'),
(10, 4, 357305716221718017, 357305280565109879, 'Putri Wijaya', 'Perempuan', 'Malang', '1977-01-06', 'Jl. Pisang Kipas No 13, Malang', 'Jl. Pisang Kipas No 43, Jakarta', '087224812167', 'Hindu', 'PNS', '2024-06-09 14:26:36'),
(11, 3, 357305385989642993, 357305282479694647, 'Fajar Mahardika', 'Laki-laki', 'Surabaya', '1966-02-18', 'Jl. Pisang Kipas No 10, Malang', 'Jl. Pisang Kipas No 41, Jakarta', '085816028439', 'Buddha', 'Mahasiswa', '2024-06-09 14:26:36'),
(12, 1, 357305737390750616, 357305328730833631, 'Budi Mahardika', 'Perempuan', 'Bandung', '1996-12-12', 'Jl. Pisang Kipas No 22, Malang', 'Jl. Pisang Kipas No 23, Surabaya', '081324395212', 'Islam', 'Nelayan', '2024-06-09 14:26:36'),
(13, 1, 357305389445418335, 357305330833648045, 'Oki Wulandari', 'Perempuan', 'Malang', '1946-07-27', 'Jl. Pisang Kipas No 5, Malang', 'Jl. Pisang Kipas No 5, Malang', '082881404385', 'Kristen', 'Pelajar', '2024-06-09 14:26:36'),
(14, 4, 357305931154720015, 357305418440274056, 'Fajar Sari', 'Perempuan', 'Surabaya', '1957-08-01', 'Jl. Pisang Kipas No 13, Malang', 'Jl. Pisang Kipas No 15, Semarang', '085404813231', 'Islam', 'Petani', '2024-06-09 14:26:36'),
(15, 2, 357305717724353589, 357305423975581147, 'Putri Setiawan', 'Laki-laki', 'Malang', '1969-11-23', 'Jl. Pisang Kipas No 8, Malang', 'Jl. Pisang Kipas No 6, Malang', '086973916231', 'Buddha', 'PNS', '2024-06-09 14:26:36'),
(16, 4, 357305371943359060, 357305495332574751, 'Utami Santoso', 'Laki-laki', 'Bandung', '2010-11-30', 'Jl. Pisang Kipas No 31, Malang', 'Jl. Pisang Kipas No 1, Semarang', '083485236069', 'Islam', 'Petani', '2024-06-09 14:26:36'),
(17, 1, 357305939374308079, 357305533858894377, 'Citra Mahardika', 'Perempuan', 'Bandung', '1940-09-06', 'Jl. Pisang Kipas No 50, Malang', 'Jl. Pisang Kipas No 34, Bandung', '085922007223', 'Katolik', 'Mahasiswa', '2024-06-09 14:26:36'),
(18, 1, 357305106967483455, 357305557388913245, 'Oki Pratama', 'Perempuan', 'Malang', '1942-08-14', 'Jl. Pisang Kipas No 38, Malang', 'Jl. Pisang Kipas No 16, Jakarta', '089205888681', 'Katolik', 'Mahasiswa', '2024-06-09 14:26:36'),
(19, 1, 357305329173314102, 357305562539115231, 'Fajar Permadi', 'Laki-laki', 'Malang', '1987-01-26', 'Jl. Pisang Kipas No 35, Malang', 'Jl. Pisang Kipas No 35, Malang', '081475401007', 'Buddha', 'PNS', '2024-06-09 14:26:36'),
(20, 4, 357305211987094831, 357305623201692886, 'Budi Wijaya', 'Perempuan', 'Jakarta', '1969-01-01', 'Jl. Pisang Kipas No 47, Malang', 'Jl. Pisang Kipas No 8, Semarang', '087109387301', 'Hindu', 'Mahasiswa', '2024-06-09 14:26:36'),
(21, 1, 357305945171382474, 357305647941571370, 'Joko Mahardika', 'Perempuan', 'Surabaya', '1948-06-14', 'Jl. Pisang Kipas No 25, Malang', 'Jl. Pisang Kipas No 38, Bandung', '081173999934', 'Kristen', 'Pengusaha', '2024-06-09 14:26:36'),
(22, 5, 357305260960182935, 357305702256515966, 'Gita Mahardika', 'Laki-laki', 'Jakarta', '2019-07-10', 'Jl. Pisang Kipas No 38, Malang', 'Jl. Pisang Kipas No 32, Jakarta', '088036474182', 'Buddha', 'Pengusaha', '2024-06-09 14:26:36'),
(23, 3, 357305160457671325, 357305762215925657, 'Ahmad Wijaya', 'Laki-laki', 'Jakarta', '1978-02-01', 'Jl. Pisang Kipas No 20, Malang', 'Jl. Pisang Kipas No 32, Jakarta', '089407562689', 'Kristen', 'Mahasiswa', '2024-06-09 14:26:36'),
(24, 1, 357305177685993757, 357305788460459963, 'Yuli Sari', 'Perempuan', 'Jakarta', '2006-05-13', 'Jl. Pisang Kipas No 29, Malang', 'Jl. Pisang Kipas No 3, Malang', '087307374817', 'Buddha', 'Mahasiswa', '2024-06-09 14:26:36'),
(25, 3, 357305262184675786, 357305810236521844, 'Ahmad Mahardika', 'Perempuan', 'Surabaya', '1958-12-17', 'Jl. Pisang Kipas No 36, Malang', 'Jl. Pisang Kipas No 36, Malang', '087699569105', 'Konghucu', 'Nelayan', '2024-06-09 14:26:36'),
(26, 3, 357305649066277277, 357305841288971136, 'Joko Permadi', 'Perempuan', 'Malang', '2013-09-01', 'Jl. Pisang Kipas No 38, Malang', 'Jl. Pisang Kipas No 46, Malang', '087986420718', 'Islam', 'Mahasiswa', '2024-06-09 14:26:36'),
(27, 1, 357305824446043296, 357305857382217540, 'Lestari Saputra', 'Perempuan', 'Jakarta', '1975-06-29', 'Jl. Pisang Kipas No 50, Malang', 'Jl. Pisang Kipas No 37, Jakarta', '086396172635', 'Islam', 'Pelajar', '2024-06-09 14:26:36'),
(28, 4, 357305478038196839, 357305863386802429, 'Gita Sari', 'Laki-laki', 'Malang', '1996-04-13', 'Jl. Pisang Kipas No 3, Malang', 'Jl. Pisang Kipas No 27, Surabaya', '085079586404', 'Kristen', 'Pelajar', '2024-06-09 14:26:36'),
(29, 3, 357305326242989953, 357305959601876518, 'Budi Firmansyah', 'Perempuan', 'Malang', '1941-02-14', 'Jl. Pisang Kipas No 17, Malang', 'Jl. Pisang Kipas No 33, Bandung', '088061727292', 'Katolik', 'PNS', '2024-06-09 14:26:36'),
(30, 4, 357305515464510078, 357305964047499019, 'Hana Setiawan', 'Laki-laki', 'Malang', '1980-02-06', 'Jl. Pisang Kipas No 26, Malang', 'Jl. Pisang Kipas No 16, Bandung', '081498249247', 'Hindu', 'Mahasiswa', '2024-06-09 14:26:36');

-- --------------------------------------------------------

--
-- Table structure for table `fact_report`
--

CREATE TABLE `fact_report` (
  `id_dim_warga` int DEFAULT NULL,
  `id_dim_report` int DEFAULT NULL,
  `id_dim_date` int DEFAULT NULL,
  `id_dim_status` int DEFAULT NULL
) ENGINE=InnoDB DEFAULT CHARSET=utf8mb4 COLLATE=utf8mb4_0900_ai_ci;

--
-- Dumping data for table `fact_report`
--

INSERT INTO `fact_report` (`id_dim_warga`, `id_dim_report`, `id_dim_date`, `id_dim_status`) VALUES
(28, 51, 639, 1),
(15, 52, 613, 2),
(2, 53, 426, 3),
(7, 54, 522, 1),
(24, 55, 458, 2),
(10, 56, 519, 3),
(21, 57, 520, 1),
(23, 58, 400, 2),
(6, 59, 704, 3),
(14, 60, 521, 1);

--
-- Indexes for dumped tables
--

--
-- Indexes for table `dim_date`
--
ALTER TABLE `dim_date`
  ADD PRIMARY KEY (`id_dim_date`);

--
-- Indexes for table `dim_report`
--
ALTER TABLE `dim_report`
  ADD PRIMARY KEY (`id_dim_report`),
  ADD KEY `nik` (`nik`);

--
-- Indexes for table `dim_status`
--
ALTER TABLE `dim_status`
  ADD PRIMARY KEY (`id_dim_status`);

--
-- Indexes for table `dim_warga`
--
ALTER TABLE `dim_warga`
  ADD PRIMARY KEY (`id_dim_warga`),
  ADD UNIQUE KEY `nik` (`nik`);

--
-- Indexes for table `fact_report`
--
ALTER TABLE `fact_report`
  ADD KEY `id_dim_warga` (`id_dim_warga`),
  ADD KEY `id_dim_report` (`id_dim_report`),
  ADD KEY `id_dim_date` (`id_dim_date`),
  ADD KEY `id_dim_status` (`id_dim_status`);

--
-- AUTO_INCREMENT for dumped tables
--

--
-- AUTO_INCREMENT for table `dim_date`
--
ALTER TABLE `dim_date`
  MODIFY `id_dim_date` int NOT NULL AUTO_INCREMENT, AUTO_INCREMENT=731;

--
-- AUTO_INCREMENT for table `dim_report`
--
ALTER TABLE `dim_report`
  MODIFY `id_dim_report` int NOT NULL AUTO_INCREMENT, AUTO_INCREMENT=61;

--
-- AUTO_INCREMENT for table `dim_status`
--
ALTER TABLE `dim_status`
  MODIFY `id_dim_status` int NOT NULL AUTO_INCREMENT, AUTO_INCREMENT=11;

--
-- AUTO_INCREMENT for table `dim_warga`
--
ALTER TABLE `dim_warga`
  MODIFY `id_dim_warga` int NOT NULL AUTO_INCREMENT, AUTO_INCREMENT=31;

--
-- Constraints for dumped tables
--

--
-- Constraints for table `fact_report`
--
ALTER TABLE `fact_report`
  ADD CONSTRAINT `fact_report_ibfk_1` FOREIGN KEY (`id_dim_warga`) REFERENCES `dim_warga` (`id_dim_warga`),
  ADD CONSTRAINT `fact_report_ibfk_2` FOREIGN KEY (`id_dim_report`) REFERENCES `dim_report` (`id_dim_report`),
  ADD CONSTRAINT `fact_report_ibfk_3` FOREIGN KEY (`id_dim_date`) REFERENCES `dim_date` (`id_dim_date`),
  ADD CONSTRAINT `fact_report_ibfk_4` FOREIGN KEY (`id_dim_status`) REFERENCES `dim_status` (`id_dim_status`);
COMMIT;

/*!40101 SET CHARACTER_SET_CLIENT=@OLD_CHARACTER_SET_CLIENT */;
/*!40101 SET CHARACTER_SET_RESULTS=@OLD_CHARACTER_SET_RESULTS */;
/*!40101 SET COLLATION_CONNECTION=@OLD_COLLATION_CONNECTION */;
